csv_row,xml_position,id,source,sender,subject,body,timestamp,timestamp_ms,category,priority_label,action_required,action_text
1,3172,sms_1,sms,JD-620040-P,(none),మీరు అపరిమిత 5G డేటాని కోల్పోతున్నారు!!  మీ 5G ఫోన్‌లో మీ ప్రస్తుత ప్లాన్ నిజమైన అపరిమిత 5G డేటాని అందించదు.  కేవలం Rs.51 యాడ్-ఆన్‌తో రీచార్జ్ చేయండి మరియు మీ మిగిలిన ప్లాన్ వ్యాలిడిటీ లోను వేగవంతమైన అపరిమిత 5G ని ఆస్వాదించండి..  త్వరపడండి ! ఇప్పుడే రీచార్జ్ చేయండి www.jio.com/r/B4vHke3c4,2025-10-16 19:36:40,1760623600695,,,,
2,3171,sms_2,sms,VA-SBIBNK-S,(none),"Dear SBI Customer, Scammers may pose as police officials and may threaten you of digital arrest. Do not fall for such scams. Call 1930 to report such incidents.",2025-10-16 17:28:01,1760615881434,,,,
3,3170,sms_3,sms,JA-JioPay-S,(none),డేటా వినియోగ అప్రమత్తత! 16-Oct-25 17:11 నాటికి రోజువారీ డేటాలో 50% ఉపయోగించబడింది! Jio నంబర్: 6304993823 రోజువారీ డేటా కోటా: 1.50 GB డేటా ఆదా చిట్కాల కోసం: http://tiny.jio.com/Savingtl మీ డేటా బ్యాలెన్స్ మరియు వినియోగాన్ని ట్రాక్ చేయడానికి: http://tiny.jio.com/mobile,2025-10-16 17:11:39,1760614899505,,,,
4,3169,sms_4,sms,JA-JioPay-S,(none),Data usage Alert! 50% of your daily data used as of 16-Oct-25 17:11 Jio Number: 6304993823 Daily Quota: 1.50 GB For data saving tips: http://tiny.jio.com/Savingasm Track your data balance and usage: http://tiny.jio.com/mobile,2025-10-16 17:11:33,1760614893840,,,,
5,3168,sms_5,sms,JA-JIOINF-S,(none),"వ్యక్తిగత సమాచారాన్ని పంచుకోవాలని కోరే మోసపూరిత కాల్స్ / సందేశాల పట్ల జాగ్రత్త వహించండి. ఏ థర్డ్ పార్టీ యాప్ ను డౌన్ లోడ్ చేసుకోమని Jio మిమ్మల్ని అడగదు. ఎస్ఎంఎస్, కాల్ లేదా ఇమెయిల్ ద్వారా Jio పంపే ఏదైనా కమ్యూనికేషన్ Jio.com లేదా మైజియో యాప్ వెలుపల తెరుచుకునే లింక్లను క్లిక్ చేయమని మిమ్మల్ని అడగదు. ఏవైనా సందేహాలుంటే మైజియో యాప్ లోకి లాగిన్ అయి సంబంధిత సమాచారం కోసం వెతకాలని సిఫార్సు చేస్తున్నాం. అప్రమత్తంగా ఉండండి, సురక్షితంగా ఉండండి.",2025-10-16 16:49:53,1760613593588,,,,
6,3167,sms_6,sms,VA-EKARTL-S,(none),"Ekart Update : The Roadster Life Co. Men R... with tracking ID MYSC1219867849 from Myntra will be delivered today before 11pm (call 02248887777, PIN 109).",2025-10-16 11:13:52,1760593432578,,,,
7,3166,sms_7,sms,JK-620040-P,(none),మీరు అపరిమిత 5G డేటాని కోల్పోతున్నారు!!  మీ 5G ఫోన్‌లో మీ ప్రస్తుత ప్లాన్ నిజమైన అపరిమిత 5G డేటాని అందించదు.  కేవలం Rs.51 యాడ్-ఆన్‌తో రీచార్జ్ చేయండి మరియు మీ మిగిలిన ప్లాన్ వ్యాలిడిటీ లోను వేగవంతమైన అపరిమిత 5G ని ఆస్వాదించండి..  త్వరపడండి ! ఇప్పుడే రీచార్జ్ చేయండి www.jio.com/r/B36gMeMYf,2025-10-15 17:18:49,1760528929176,,,,
8,3165,sms_8,sms,VK-EKARTL-S,(none),"Ekart Update: OTP 265817 for your shipment Greenchef Pearl Special Com... with tracking id FMPC5343634160. Share the OTP only after checking for damages, duplicate or missing items. Product cannot be returned after order is accepted except for manufacturing defects.",2025-10-15 12:34:41,1760511881045,,,,
9,3164,sms_9,sms,VM-EKARTL-S,(none),"Ekart Update: OTP 265817 for your shipment Greenchef Pearl Special Com... with tracking id FMPC5343634160. Share the OTP only after checking for damages, duplicate or missing items. Product cannot be returned after order is accepted except for manufacturing defects.",2025-10-15 12:33:32,1760511812890,,,,
10,3163,sms_10,sms,VM-EKARTL-S,(none),"Ekart Update: OTP 265817 for your shipment Greenchef Pearl Special Com... with tracking id FMPC5343634160. Share the OTP only after checking for damages, duplicate or missing items. Product cannot be returned after order is accepted except for manufacturing defects.",2025-10-15 12:32:14,1760511734148,,,,
11,3162,sms_11,sms,JA-DOTGOI-G,(none),Check mobile connections issued in your name and report connections which are not required. Download Sanchar Saathi App today. Android: https://play.google.com/store/apps/details?id=com.dot.app.sancharsaathi iOS: https://apps.apple.com/in/app/sanchar-saathi/id6739700695,2025-10-15 12:10:14,1760510414460,,,,
12,3161,sms_12,sms,VM-EKARTL-S,(none),"Ekart Update : Greenchef Pearl Special Com... with tracking ID FMPC5343634160 from flipkart.com will be delivered today before 11pm (call 02248887777, PIN 104). Share OTP 265817 only to accept order after checking that there are No Damages, Missing or Wrong items at the doorstep. Returns will not be accepted for these reasons once the order is delivered.",2025-10-15 09:32:12,1760500932700,,,,
13,3160,sms_13,sms,VM-EKARTL-S,(none),"Ekart Update : Greenchef Pearl Special Com... with tracking ID FMPC5343634160 from flipkart.com will be delivered today before 11pm (call 02248887777, PIN 104). Share OTP 265817 only to accept order after checking that there are No Damages, Missing or Wrong items at the doorstep. Returns will not be accepted for these reasons once the order is delivered.",2025-10-15 09:32:12,1760500932070,,,,
14,3159,sms_14,sms,VK-EKARTL-S,(none),"Ekart Update : Greenchef Pearl Special Com... with tracking ID FMPC5343634160 from flipkart.com will be delivered today before 11pm (call 02248887777, PIN 104). Share OTP 265817 only to accept order after checking that there are No Damages, Missing or Wrong items at the doorstep. Returns will not be accepted for these reasons once the order is delivered.",2025-10-15 09:32:08,1760500928416,,,,
15,3158,sms_15,sms,919666781092,(none),"Dear Customer, You have a missed call from +919666781092 The last missed call was at 08:18 PM on 14-Oct-2025 Thankyou, Team Jio.",2025-10-14 20:19:06,1760453346595,,,,
16,3157,sms_16,sms,VM-BSELTD-S,(none),"UPSTOX SECURITIES at EOD 30/09/2025 reported your Fund bal Rs 0.800 & Securities bal 0. This excludes your Bank, DP and PMS bal with the broker-BSE",2025-10-14 18:27:38,1760446658096,,,,
17,3156,sms_17,sms,AD-AXISBK-S,(none),"INR 1200.00 credited A/c no. XX4634 14-10-25, 16:32:27 IST UPI/P2A/528778351285/ASAM YATH/AXIS BANK - Axis Bank",2025-10-14 16:32:46,1760439766244,,,,
18,3155,sms_18,sms,JK-SBIUPI-S,(none),Dear UPI user A/C X6996 debited by 49.0 on date 14Oct25 trf to DURISHETTY  SATH Refno 407527661917 If not u? call-1800111109 for other services-18001234-SBI,2025-10-14 13:58:16,1760430496201,,,,
19,3154,sms_19,sms,AX-AXISBK-S,(none),"INR 2260.00 credited A/c no. XX4634 14-10-25, 10:29:04 IST UPI/P2A/455598087595/KATKAM  S/State Ban - Axis Bank",2025-10-14 10:29:16,1760417956777,,,,
20,3153,sms_20,sms,AX-AXISBK-S,(none),"INR 2.00 credited A/c no. XX4634 13-10-25, 23:47:01 IST UPI/P2A/243347242865/Google Pa/AXIS BANK - Axis Bank",2025-10-13 23:47:15,1760379435864,,,,
21,3152,sms_21,sms,AX-AXISBK-S,(none),Your A/c has been debited towards Google for INR 2.00 on 13-10-25. 76ef4605f2c8479dab28b6663b557311@axl - Axis Bank,2025-10-13 23:46:21,1760379381349,,,,
22,3151,sms_22,sms,JD-AXISBK-S,(none),Your UPI ASPRESENTED mandate has been successfully created towards Google from 13-10-25 to 31-12-35 for INR 999.00 - Axis Bank,2025-10-13 23:46:15,1760379375084,,,,
23,3150,sms_23,sms,AX-AXISBK-S,(none),"INR 17700.00 debited A/c no. XX4634 13-10-25, 23:42:51 UPI/P2A/391409317011/VASAM  SIDDHARTHA Not you? SMS BLOCKUPI Cust ID to 919951860002 Axis Bank",2025-10-13 23:42:52,1760379172659,,,,
24,3149,sms_24,sms,JK-620040-P,(none),మీరు అపరిమిత 5G డేటాని కోల్పోతున్నారు!!  మీ 5G ఫోన్‌లో మీ ప్రస్తుత ప్లాన్ నిజమైన అపరిమిత 5G డేటాని అందించదు.  కేవలం Rs.51 యాడ్-ఆన్‌తో రీచార్జ్ చేయండి మరియు మీ మిగిలిన ప్లాన్ వ్యాలిడిటీ లోను వేగవంతమైన అపరిమిత 5G ని ఆస్వాదించండి..  త్వరపడండి ! ఇప్పుడే రీచార్జ్ చేయండి www.jio.com/r/B3fmLece0,2025-10-13 19:43:30,1760364810116,,,,
25,3148,sms_25,sms,JX-NSESMS-S,(none),"UPSTOX SECURITIES PRIVATE LIMI on 04-10-25 reported your Fund bal Rs.0.8 & Securities bal 0. This excludes your Bank, DP & PMS bal with the broker-NSE",2025-10-13 19:11:53,1760362913826,,,,
26,3147,sms_26,sms,AX-AXISBK-S,(none),"INR 1000.00 credited A/c no. XX4634 13-10-25, 19:04:28 IST UPI/P2A/528644048113/Boggarapu/State Ban - Axis Bank",2025-10-13 19:04:44,1760362484380,,,,
27,3146,sms_27,sms,JM-JIOMRT-S,(none),You have a membership update from JioMart Quick! Click here: https://jm101.com/s/ZS19.html,2025-10-13 18:57:57,1760362077194,,,,
28,3145,sms_28,sms,AD-AXISBK-S,(none),"INR 5000.00 credited A/c no. XX4634 13-10-25, 15:19:09 IST UPI/P2A/607294909896/REPAKA VE/INDUSIND - Axis Bank",2025-10-13 15:19:17,1760348957535,,,,
29,3144,sms_29,sms,JM-JIOMRT-S,(none),You have a membership update from JioMart Quick! Click here: https://jm101.com/s/ZS19.html,2025-10-13 14:23:50,1760345630309,,,,
30,3143,sms_30,sms,AX-AXISBK-S,(none),"INR 5000.00 credited A/c no. XX4634 12-10-25, 21:57:34 IST UPI/P2A/765440074642/REPAKA VE/INDUSIND - Axis Bank",2025-10-12 21:57:43,1760286463896,,,,
